Category,Name,Difficulty,Original Link,Link
Arrays,Two Sum,Easy,https://leetcode.com/problems/two-sum/,[Two Sum](https://leetcode.com/problems/two-sum/)
Arrays,Best Time to Buy and Sell Stock,Easy,https://leetcode.com/problems/best-time-to-buy-and-sell-stock/,[Best Time to Buy and Sell Stock](https://leetcode.com/problems/best-time-to-buy-and-sell-stock/)
Arrays,Contains Duplicate,Easy,https://leetcode.com/problems/contains-duplicate/,[Contains Duplicate](https://leetcode.com/problems/contains-duplicate/)
Arrays,Product of Array Except Self,Medium,https://leetcode.com/problems/product-of-array-except-self/,[Product of Array Except Self](https://leetcode.com/problems/product-of-array-except-self/)
Arrays,Maximum Subarray,Easy,https://leetcode.com/problems/maximum-subarray/,[Maximum Subarray](https://leetcode.com/problems/maximum-subarray/)
Arrays,Maximum Product Subarray,Medium,https://leetcode.com/problems/maximum-product-subarray/,[Maximum Product Subarray](https://leetcode.com/problems/maximum-product-subarray/)
Arrays,Find Minimum in Rotated Sorted Array,Medium,https://leetcode.com/problems/find-minimum-in-rotated-sorted-array/,[Find Minimum in Rotated Sorted Array](https://leetcode.com/problems/find-minimum-in-rotated-sorted-array/)
Arrays,Search in Rotated Sorted Array,Medium,https://leetcode.com/problems/search-in-rotated-sorted-array/,[Search in Rotated Sorted Array](https://leetcode.com/problems/search-in-rotated-sorted-array/)
Arrays,3Sum,Medium,https://leetcode.com/problems/3sum/,[3Sum](https://leetcode.com/problems/3sum/)
Arrays,Container With Most Water,Medium,https://leetcode.com/problems/container-with-most-water/,[Container With Most Water](https://leetcode.com/problems/container-with-most-water/)
Binary,Sum of Two Integers,Easy,https://leetcode.com/problems/sum-of-two-integers/,[Sum of Two Integers](https://leetcode.com/problems/sum-of-two-integers/)
Binary,Number of 1 Bits,Easy,https://leetcode.com/problems/number-of-1-bits/,[Number of 1 Bits](https://leetcode.com/problems/number-of-1-bits/)
Binary,Counting Bits,Medium,https://leetcode.com/problems/counting-bits/,[Counting Bits](https://leetcode.com/problems/counting-bits/)
Binary,Missing Number,Easy,https://leetcode.com/problems/missing-number/,[Missing Number](https://leetcode.com/problems/missing-number/)
Binary,Reverse Bits,Easy,https://leetcode.com/problems/reverse-bits/,[Reverse Bits](https://leetcode.com/problems/reverse-bits/)
Dynamic Programming,Climbing Stairs,Easy,https://leetcode.com/problems/climbing-stairs/,[Climbing Stairs](https://leetcode.com/problems/climbing-stairs/)
Dynamic Programming,Coin Change,Medium,https://leetcode.com/problems/coin-change/,[Coin Change](https://leetcode.com/problems/coin-change/)
Dynamic Programming,Longest Increasing Subsequence,Medium,https://leetcode.com/problems/longest-increasing-subsequence/,[Longest Increasing Subsequence](https://leetcode.com/problems/longest-increasing-subsequence/)
Dynamic Programming,Longest Common Subsequence,Medium,https://leetcode.com/problems/longest-common-subsequence/,[Longest Common Subsequence](https://leetcode.com/problems/longest-common-subsequence/)
Dynamic Programming,Word Break Problem,Medium,https://leetcode.com/problems/word-break/,[Word Break Problem](https://leetcode.com/problems/word-break/)
Dynamic Programming,Combination Sum,Medium,https://leetcode.com/problems/combination-sum/,[Combination Sum](https://leetcode.com/problems/combination-sum/)
Dynamic Programming,House Robber,Easy,https://leetcode.com/problems/house-robber/,[House Robber](https://leetcode.com/problems/house-robber/)
Dynamic Programming,House Robber II,Medium,https://leetcode.com/problems/house-robber-ii/,[House Robber II](https://leetcode.com/problems/house-robber-ii/)
Dynamic Programming,Decode Ways,Medium,https://leetcode.com/problems/decode-ways/,[Decode Ways](https://leetcode.com/problems/decode-ways/)
Dynamic Programming,Unique Paths,Medium,https://leetcode.com/problems/unique-paths/,[Unique Paths](https://leetcode.com/problems/unique-paths/)
Dynamic Programming,Jump Game,Medium,https://leetcode.com/problems/jump-game/,[Jump Game](https://leetcode.com/problems/jump-game/)
Graph,Clone Graph,Medium,https://leetcode.com/problems/clone-graph/,[Clone Graph](https://leetcode.com/problems/clone-graph/)
Graph,Course Schedule,Medium,https://leetcode.com/problems/course-schedule/,[Course Schedule](https://leetcode.com/problems/course-schedule/)
Graph,Pacific Atlantic Water Flow,Medium,https://leetcode.com/problems/pacific-atlantic-water-flow/,[Pacific Atlantic Water Flow](https://leetcode.com/problems/pacific-atlantic-water-flow/)
Graph,Number of Islands,Medium,https://leetcode.com/problems/number-of-islands/,[Number of Islands](https://leetcode.com/problems/number-of-islands/)
Graph,Longest Consecutive Sequence,Hard,https://leetcode.com/problems/longest-consecutive-sequence/,[Longest Consecutive Sequence](https://leetcode.com/problems/longest-consecutive-sequence/)
Graph,Alien Dictionary (Leetcode Premium),Hard,https://leetcode.com/problems/alien-dictionary/,[Alien Dictionary (Leetcode Premium)](https://leetcode.com/problems/alien-dictionary/)
Graph,Graph Valid Tree (Leetcode Premium),Medium,https://leetcode.com/problems/graph-valid-tree/,[Graph Valid Tree (Leetcode Premium)](https://leetcode.com/problems/graph-valid-tree/)
Graph,Number of Connected Components in an Undirected Graph (Leetcode Premium),Medium,https://leetcode.com/problems/number-of-connected-components-in-an-undirected-graph/,[Number of Connected Components in an Undirected Graph (Leetcode Premium)](https://leetcode.com/problems/number-of-connected-components-in-an-undirected-graph/)
Interval,Insert Interval,Hard,https://leetcode.com/problems/insert-interval/,[Insert Interval](https://leetcode.com/problems/insert-interval/)
Interval,Merge Intervals,Medium,https://leetcode.com/problems/merge-intervals/,[Merge Intervals](https://leetcode.com/problems/merge-intervals/)
Interval,Non-overlapping Intervals,Medium,https://leetcode.com/problems/non-overlapping-intervals/,[Non-overlapping Intervals](https://leetcode.com/problems/non-overlapping-intervals/)
Interval,Meeting Rooms (Leetcode Premium),Easy,https://leetcode.com/problems/meeting-rooms/,[Meeting Rooms (Leetcode Premium)](https://leetcode.com/problems/meeting-rooms/)
Interval,Meeting Rooms II (Leetcode Premium),Medium,https://leetcode.com/problems/meeting-rooms-ii/,[Meeting Rooms II (Leetcode Premium)](https://leetcode.com/problems/meeting-rooms-ii/)
Linked List,Reverse a Linked List,Easy,https://leetcode.com/problems/reverse-linked-list/,[Reverse a Linked List](https://leetcode.com/problems/reverse-linked-list/)
Linked List,Detect Cycle in a Linked List,Easy,https://leetcode.com/problems/linked-list-cycle/,[Detect Cycle in a Linked List](https://leetcode.com/problems/linked-list-cycle/)
Linked List,Merge Two Sorted Lists,Easy,https://leetcode.com/problems/merge-two-sorted-lists/,[Merge Two Sorted Lists](https://leetcode.com/problems/merge-two-sorted-lists/)
Linked List,Merge K Sorted Lists,Hard,https://leetcode.com/problems/merge-k-sorted-lists/,[Merge K Sorted Lists](https://leetcode.com/problems/merge-k-sorted-lists/)
Linked List,Remove Nth Node From End Of List,Medium,https://leetcode.com/problems/remove-nth-node-from-end-of-list/,[Remove Nth Node From End Of List](https://leetcode.com/problems/remove-nth-node-from-end-of-list/)
Linked List,Reorder List,Medium,https://leetcode.com/problems/reorder-list/,[Reorder List](https://leetcode.com/problems/reorder-list/)
Matrix,Set Matrix Zeroes,Medium,https://leetcode.com/problems/set-matrix-zeroes/,[Set Matrix Zeroes](https://leetcode.com/problems/set-matrix-zeroes/)
Matrix,Spiral Matrix,Medium,https://leetcode.com/problems/spiral-matrix/,[Spiral Matrix](https://leetcode.com/problems/spiral-matrix/)
Matrix,Rotate Image,Medium,https://leetcode.com/problems/rotate-image/,[Rotate Image](https://leetcode.com/problems/rotate-image/)
Matrix,Word Search,Medium,https://leetcode.com/problems/word-search/,[Word Search](https://leetcode.com/problems/word-search/)
String,Longest Substring Without Repeating Characters,Medium,https://leetcode.com/problems/longest-substring-without-repeating-characters/,[Longest Substring Without Repeating Characters](https://leetcode.com/problems/longest-substring-without-repeating-characters/)
String,Longest Repeating Character Replacement,Medium,https://leetcode.com/problems/longest-repeating-character-replacement/,[Longest Repeating Character Replacement](https://leetcode.com/problems/longest-repeating-character-replacement/)
String,Minimum Window Substring,Hard,https://leetcode.com/problems/minimum-window-substring/,[Minimum Window Substring](https://leetcode.com/problems/minimum-window-substring/)
String,Valid Anagram,Easy,https://leetcode.com/problems/valid-anagram/,[Valid Anagram](https://leetcode.com/problems/valid-anagram/)
String,Group Anagrams,Medium,https://leetcode.com/problems/group-anagrams/,[Group Anagrams](https://leetcode.com/problems/group-anagrams/)
String,Valid Parentheses,Easy,https://leetcode.com/problems/valid-parentheses/,[Valid Parentheses](https://leetcode.com/problems/valid-parentheses/)
String,Valid Palindrome,Easy,https://leetcode.com/problems/valid-palindrome/,[Valid Palindrome](https://leetcode.com/problems/valid-palindrome/)
String,Longest Palindromic Substring,Medium,https://leetcode.com/problems/longest-palindromic-substring/,[Longest Palindromic Substring](https://leetcode.com/problems/longest-palindromic-substring/)
String,Palindromic Substrings,Medium,https://leetcode.com/problems/palindromic-substrings/,[Palindromic Substrings](https://leetcode.com/problems/palindromic-substrings/)
String,Encode and Decode Strings (Leetcode Premium),Medium,https://leetcode.com/problems/encode-and-decode-strings/,[Encode and Decode Strings (Leetcode Premium)](https://leetcode.com/problems/encode-and-decode-strings/)
Tree,Maximum Depth of Binary Tree,Easy,https://leetcode.com/problems/maximum-depth-of-binary-tree/,[Maximum Depth of Binary Tree](https://leetcode.com/problems/maximum-depth-of-binary-tree/)
Tree,Same Tree,Easy,https://leetcode.com/problems/same-tree/,[Same Tree](https://leetcode.com/problems/same-tree/)
Tree,Invert/Flip Binary Tree,Easy,https://leetcode.com/problems/invert-binary-tree/,[Invert/Flip Binary Tree](https://leetcode.com/problems/invert-binary-tree/)
Tree,Binary Tree Maximum Path Sum,Hard,https://leetcode.com/problems/binary-tree-maximum-path-sum/,[Binary Tree Maximum Path Sum](https://leetcode.com/problems/binary-tree-maximum-path-sum/)
Tree,Binary Tree Level Order Traversal,Medium,https://leetcode.com/problems/binary-tree-level-order-traversal/,[Binary Tree Level Order Traversal](https://leetcode.com/problems/binary-tree-level-order-traversal/)
Tree,Serialize and Deserialize Binary Tree,Hard,https://leetcode.com/problems/serialize-and-deserialize-binary-tree/,[Serialize and Deserialize Binary Tree](https://leetcode.com/problems/serialize-and-deserialize-binary-tree/)
Tree,Subtree of Another Tree,Easy,https://leetcode.com/problems/subtree-of-another-tree/,[Subtree of Another Tree](https://leetcode.com/problems/subtree-of-another-tree/)
Tree,Construct Binary Tree from Preorder and Inorder Traversal,Medium,https://leetcode.com/problems/construct-binary-tree-from-preorder-and-inorder-traversal/,[Construct Binary Tree from Preorder and Inorder Traversal](https://leetcode.com/problems/construct-binary-tree-from-preorder-and-inorder-traversal/)
Tree,Validate Binary Search Tree,Medium,https://leetcode.com/problems/validate-binary-search-tree/,[Validate Binary Search Tree](https://leetcode.com/problems/validate-binary-search-tree/)
Tree,Kth Smallest Element in a BST,Medium,https://leetcode.com/problems/kth-smallest-element-in-a-bst/,[Kth Smallest Element in a BST](https://leetcode.com/problems/kth-smallest-element-in-a-bst/)
Tree,Lowest Common Ancestor of BST,Easy,https://leetcode.com/problems/lowest-common-ancestor-of-a-binary-search-tree/,[Lowest Common Ancestor of BST](https://leetcode.com/problems/lowest-common-ancestor-of-a-binary-search-tree/)
Tree,Implement Trie (Prefix Tree),Medium,https://leetcode.com/problems/implement-trie-prefix-tree/,[Implement Trie (Prefix Tree)](https://leetcode.com/problems/implement-trie-prefix-tree/)
Tree,Add and Search Word,Medium,https://leetcode.com/problems/add-and-search-word-data-structure-design/,[Add and Search Word](https://leetcode.com/problems/add-and-search-word-data-structure-design/)
Tree,Word Search II,Hard,https://leetcode.com/problems/word-search-ii/,[Word Search II](https://leetcode.com/problems/word-search-ii/)
Heap,Merge K Sorted Lists,Hard,https://leetcode.com/problems/merge-k-sorted-lists/,[Merge K Sorted Lists](https://leetcode.com/problems/merge-k-sorted-lists/)
Heap,Top K Frequent Elements,Medium,https://leetcode.com/problems/top-k-frequent-elements/,[Top K Frequent Elements](https://leetcode.com/problems/top-k-frequent-elements/)
Heap,Find Median from Data Stream,Hard,https://leetcode.com/problems/find-median-from-data-stream/,[Find Median from Data Stream](https://leetcode.com/problems/find-median-from-data-stream/)